id,country,confucius_institute,partner_uni,status,location_alt
1,Afghanistan,Confucius Institute (Chinese Department) at Kabul University,,Closed,
2,Albania,Confucius Institute at University of Tirana,,Closed,
3,Angola,Confucius Institute at Agostinho Neto University,,Closed,
4,Antigua and Barbuda,Confucius Institute at Antigua and Barbuda,,Closed,
5,Argentina,Confucius Institute at National University of Cordoba,,Closed,
6,Argentina,Confucius Institute at the Universidad Nacional de La Plata ,,Closed,
7,Argentina,Confucius Institute at the University of Buenos Aires,,Closed,
8,Armenia,Confucius Institute at Yerevan Brusov State University of Languages and Social Sciences,,Closed,
9,Australia,Business Confucius Institute at Victoria University,,Closed,
10,Australia,Chinese Medicine Confucius Institute at RMIT University,,Open,
11,Australia,Confucius Institute at Charles Darwin University,,Closed,
12,Australia,Confucius Institute at La Trobe University,,Closed,
13,Australia,Confucius Institute at New South Wales Department of Education,,Closed,New South Wales University
14,Australia,Confucius Institute at Queensland University of Technology,,Closed,
15,Australia,Confucius Institute at the University of Adelaide,,Closed,
16,Australia,Confucius Institute at the University of Melbourne,,Closed,
17,Australia,Confucius Institute at the University of New South Wales,,Closed,
18,Australia,Confucius Institute at the University of Newcastle,,Open,
19,Australia,Confucius Institute at the University of Queensland,,Open,
20,Australia,Confucius Institute at the University of Sydney,,Closed,
21,Australia,Confucius Institute at the University of Western Australia,,Closed,
22,Australia,Tourism Confucius Institute at Griffith University,,Open,
23,Austria,Confucius Institute at University of Graz,,Open,
24,Austria,Confucius Institute at the University of Vienna,,Open,
25,Azerbaijan,Confucius Institute at Azerbaijan University of Languages,,Closed,
26,Azerbaijan,Confucius Institute at Baku State University,,Open,
27,Bahamas,Confucius Institute at University of The Bahamas,,Closed,
28,Bahrain,Confucius Institute at University of Bahrain,,Closed,
29,Bangladesh,Confucius Institute at North South University Dhaka,,Closed,
30,Bangladesh,Confucius Institute at University of Dhaka,,Closed,
31,Barbados,"Confucius Institute at the University of the West Indies, Cave Hill Campus",,Open,
32,Belarus,Confucius Institute at Belarusian State University of Physical Culture,,Closed,Belarusian State University
33,Belarus,Confucius Institute at Brest State named after A.S. Pushkin University,,Closed,Brest State
34,Belarus,Confucius Institute at Francisk Skorina Gomel State University,,Closed,Belarusian State University
35,Belarus,Confucius Institute at Minsk State Linguistic University,,Closed,Minsk State University
36,Belarus,Confucius Institute on Science and Technology at Belarusian National Technical University,,Closed,
37,Belarus,Republican Confucius Institute of Sinology at Belarusian State University,,Closed,
38,Belgium,Confucius Institute at Group T-International Engineering Academy-University of Leuven,,Closed,Katholieke Universiteit Leuven
39,Belgium,Confucius Institute at ULB,,Closed,
40,Belgium,Confucius Institute at University College West Flanders,,Closed,
41,Belgium,Confucius Institute at VUB,,Closed,
42,Belgium,Confucius Institute in Brussels,,Closed,
43,Belgium,Confucius Institute in Liege,,Closed,
44,Benin,Confucius Institute at University of Abomey-Calavi,,Closed,
45,Bolivia,Confucius Institute at the University of San Simon,,Closed,
46,Bosnia and Herzegovina,Confucius Institute at University of Banja Luka,,Closed,
47,Bosnia and Herzegovina,Confucius Institute at University of Sarajevo,,Closed,
48,Botswana,Confucius Institute at the University of Botswana,,Closed,
49,Brazil,Business Confucius Institute at FAAP,,Closed,
50,Brazil,Confucius Institute at Federal University of Rio Grande Do Sul,,Open,
51,Brazil,Confucius Institute at Pontifical Catholic University of Rio de Janeiro,,Open,Pontifical Catholic University
52,Brazil,Confucius Institute at Sao Paulo State University,,Open,
53,Brazil,Confucius Institute at University of Brasilia,,Closed,
54,Brazil,Confucius Institute at the Federal University of Ceara,,Closed,
55,Brazil,Confucius Institute at the Federal University of Minas Gerais,,Open,
56,Brazil,Confucius Institute at the State University of Campinas,,Closed,University of Campina
57,Brazil,Confucius Institute at the State University of Para,,Closed,Federal University of Para
58,Brazil,Confucius Institute at the University of Pernambuco,,Closed,
59,Brazil,Confucius Institute of Chinese Medicine at the Federal University of Goias,,Closed,
60,Bulgaria,Confucius Institute at St. Cyril and St. Methodius University of Veliko Turnovo,,Open,St. Cyril and St. Methodius University
61,Bulgaria,Confucius Institute in Sofia,,Closed,
62,Burkina Faso,Confucius Institute at Bobo-Dioulasso Polytechnic University,,Closed,
63,Burundi,Confucius Institute at the University of Burundi,,Closed,
64,Cambodia,Confucius Institute at University of Battambang,,Closed,
65,Cambodia,Confucius Institute of Royal Academy of Cambodia,,Closed,
66,Cameroon,Confucius Institute at the University of Yaounde,,Closed,
67,Canada,Confucius Institute at BCIT,,Closed,
68,Canada,Confucius Institute at Brock University,,Open,
69,Canada,Confucius Institute at Carleton University,,Closed,
70,Canada,Confucius Institute at Saint Mary's University,,Closed,
71,Canada,Confucius Institute at Seneca College,,Open,
72,Canada,Confucius Institute at University of Regina,,Open,
73,Canada,Confucius Institute at University of Saskatchewan,,Open,
74,Canada,Confucius Institute in Coquitlam,,Closed,
75,Canada,Confucius Institute in Edmonton,,Open,
76,Canada,Confucius Institute in New Brunswick,,Open,
77,Canada,Confucius Institute in Quebec,,Closed,
78,Canada,Confucius Institute in Waterloo,,Closed,
79,Cape Verde,Confucius Institute at University of Cabo Verde,,Closed,University of Cape Verde
80,Central African Republic,Confucius Institute at University of Bangui,,Closed,
81,Chad,Confucius Institute at University of N'Djamena,,Closed,
82,Chile,Confucius Institute at Catholic University,,Open,
83,Chile,Confucius Institute at University of Saint Thomas,,Open,
84,Chile,Confucius Institute at the University of La Frontera,,Closed,
85,China,Confucius Institute of Hong Kong,,Closed,
86,Colombia,Confucius Institute at Jorge Tadeo Lozano University,,Closed,
87,Colombia,Confucius Institute at the University of Los Andes,,Closed,
88,Colombia,Confucius Institute in Medellin,,Closed,
89,Comores,Confucius Institute at University of Comoros,,Closed,
90,Congo,Confucius Institute at University of Marien NGOUABI,,Closed,
91,Costa Rica,Confucius Institute at the University of Costa Rica,,Closed,
92,Croatia,Confucius Institute at University of Zagreb,,Closed,
93,Cuba,Confucius Institute at the University of Havana,,Closed,
94,Cyprus,Confucius Institute at University of Cyprus,,Closed,
95,Czech Republic,Confucius Institute at Palacky University,,Open,
96,Czech Republic,Confucius Institute at University of Finance and Administration,,Closed,
97,Democratic People's Republic of Korea,Chinese Language Center at Pyongyang University of Foreign Studies,,Closed,
98,Denmark,Confucius Institute at International Business Academy,,Closed,
99,Denmark,Confucius Institute at the Royal Danish Academy of Music,,Closed,
100,Ecuador,Confucius Institute at San Francisco University of Quito,,Open,University of Quito
101,Egypt,Confucius Institute at Cairo University,,Closed,
102,Egypt,Confucius Institute at Suez Canal University,,Open,
103,El Salvador,Confucius Institute at the University of El Salvador,,Closed,
104,Equatorial Guinea,Confucius Institute at National University of Equatorial Guinea,,Closed,
105,Eritrea,Confucius Institute at National Board for Higher Education,,Closed,
106,Estonia,Confucius Institute at Tallinn University,,Open,
107,Ethiopia,Confucius Institute at Addis Ababa University,,Closed,
108,Ethiopia,Confucius Institute at Technical & Vocational Education and Training Institute of Ethiopia,,Closed,
109,Fiji,Confucius Institute at the University of the South Pacific,,Closed,
110,Finland,Confucius Institute at the University of Helsinki,,Open,
111,France,Confucius Institute Cote d'Azur,,Closed,
112,France,Confucius Institute at ESCP Europe,,Closed,
113,France,Confucius Institute at Paris Diderot University,,Open,
114,France,Confucius Institute at Pau,,Closed,
115,France,Confucius Institute at Pays de la Loire,,Closed,Pays de la Loire University
116,France,Confucius Institute at University of French Polynesia,,Closed,
117,France,Confucius Institute at University of Lorraine,,Closed,
118,France,Confucius Institute at University of Orleans,,Closed,
119,France,Confucius Institute at the University of Poitiers,,Closed,
120,France,Confucius Institute in Alsace,,Closed,
121,France,Confucius Institute in Artois,,Closed,
122,France,Confucius Institute in Brittany,,Closed,
123,France,Confucius Institute in Clermont-Ferrand,,Closed,
124,France,Confucius Institute in La Rochelle,,Closed,
125,France,Confucius Institute in Montpellier,,Closed,
126,France,Confucius Institute of Reunion Island,,Closed,
127,France,Confucius Institute of the Chinese Cultural Center in Paris,,Open,
128,France,Neoma Confucius Institute for Business-Rouen,,Closed,Neoma
129,Gabon,Confucius Institute at Omar Bongo University,,Closed,
130,Gambia,Confucius Institute at University of the Gambia,,Closed,
131,Georgia,Confucius Institute at Free University of Tbilisi,,Open,
132,Georgia,Confucius Institute at Tbilisi Open Teaching University,,Closed,
133,Germany,Academic Confucius Institute at University of Gottingen,,Closed,
134,Germany,Audi Ingolstadt Confucius Institute,,Closed,
135,Germany,Confucius Institute Bonn,,Closed,
136,Germany,Confucius Institute Metropole Ruhr at the University of Duisburg-Essen,,Open,
137,Germany,Confucius Institute at Erfurt University of Applied Sciences,,Closed,
138,Germany,Confucius Institute at Fachhochschule Stralsund University of Applied Sciences,,Closed,Hochschule Stralsund College
139,Germany,Confucius Institute at Frankfurt University,,Closed,
140,Germany,Confucius Institute at Heidelberg University,,Closed,
141,Germany,Confucius Institute at Trier University,,Open,
142,Germany,Confucius Institute at University of Paderborn,,Closed,
143,Germany,Confucius Institute at the Free University of Berlin,,Closed,University of Berlin
144,Germany,Confucius Institute at the University of Duesseldorf,,Closed,
145,Germany,Confucius Institute at the University of Freiburg,,Closed,
146,Germany,Confucius Institute at the University of Hamburg,,Closed,
147,Germany,Confucius Institute at the University of Leipzig,,Open,
148,Germany,Confucius Institute in Bremen,,Open,
149,Germany,Confucius Institute in Munich,,Closed,
150,Germany,Confucius Institute in Nuremberg-Erlangen,,Open,
151,Germany,Leibniz-Confucius Institute Hannover,,Closed,
152,Ghana,Confucius Institute at the University of Cape Coast,,Closed,
153,Ghana,Confucius Institute at the University of Ghana,,Closed,
154,Greece,Business Confucius Institute in Athens,,Closed,
155,Greece,Confucius Institute at Aristotle University of Thessaloniki,,Closed,
156,Greece,Confucius Institute at University of Thessaly,,Closed,
157,Guinea,Confucius Institute at Gamal Abdel Nasser University of Conakry,,Closed,
158,Guyana,Confucius Institute at the University of Guyana,,Closed,
159,Hungary,Confucius Institute at Eotvos Lorand University,,Open,
160,Hungary,Confucius Institute at University of Debrecen,,Open,
161,Hungary,Confucius Institute at University of Miskolc,,Closed,
162,Hungary,Confucius Institute at University of Szeged,,Closed,
163,Hungary,Confucius Institute for Traditional Chinese Medicine at University of Pecs,,Open,
164,Iceland,Northern Light Confucius Institute,,Open,
165,India,Bharathiar University,,Closed,
166,India,Chinese Language Teaching Center at Lovely Professional University,,Closed,
167,India,Confucius Institute at University of Mumbai,,Open,
168,India,Confucius Institute at VIT University,,Closed,
169,India,"K.R. Mangalam University, Gurugram",,Closed,
170,India,School of Chinese Language in Kolkata,,Closed,
171,India,Taiwan Education Center (TEC) at Chitkara University,,Closed,
172,India,Taiwan Education Center at O.P. Global University,,Closed,
173,Indonesia,Confucius Institute at Universitas Sebelas Maret,,Closed,
174,Indonesia,Mandarin Language Center (PBM) at University of Al Azhar Indonesia,,Closed,
175,Indonesia,Pusat Bahasa Mandarin at Hasanuddin University,,Closed,
176,Indonesia,Pusat Bahasa Mandarin at Maranatha Christian University,,Closed,
177,Indonesia,Pusat Bahasa Mandarin at Tanjungpura University,,Closed,
178,Indonesia,Pusat Bahasa Mandarin at Universitas Negeri Malang,,Closed,
179,Indonesia,Pusat Bahasa Mandarin at Universitas Negeri Surabaya,,Closed,
180,Indonesia,Tourism Confucius Institute at Udayana University,,Closed,
181,Iran,Confucius Institute at University of Tehran,,Open,
182,Iran,Confucius Institute at the University of Mazandaran,,Closed,
183,Ireland,Chinese and Regenerative Medicine Confucius Institute at National University of Ireland Galway,,Closed,
184,Ireland,Confucius Institute at University College Cork in Ireland,,Closed,
185,Ireland,"Confucius Institute at University College Dublin, Ireland",,Closed,
186,Israel,Confucius Institute at Hebrew University of Jerusalem,,Closed,
187,Israel,Confucius Institute at Tel Aviv University,,Open,
188,Italy,Confucius Institute at Ca' Foscari University of Venice,,Closed,
189,Italy,Confucius Institute at Catholic University of the Sacred Heart,,Closed,
190,Italy,Confucius Institute at Oriental University of Napoli,,Closed,
191,Italy,Confucius Institute at Sapienza University of Rome,,Closed,
192,Italy,Confucius Institute at University of Enna Kore,,Closed,
193,Italy,Confucius Institute at University of Macerata,,Closed,
194,Italy,Confucius Institute at University of Turin,,Closed,
195,Italy,Confucius Institute at the University of Bologna,,Open,
196,Italy,Confucius Institute at the University of Florence,,Open,
197,Italy,Confucius Institute at the University of Milan,,Closed,
198,Italy,Confucius Institute at the University of Padova,,Open,
199,Italy,Confucius Institute in Pisa,,Open,
200,Ivory Coast,Confucius Institute at University of Felix Houphouette Boigny,,Closed,
201,Jamaica,"Confucius Institute at the University of the West Indies, Mona Campus",,Closed,
202,Japan,Chinese Medicine Confucius Institute at Hyogo College of Medicine,,Open,
203,Japan,Confucius Institute at Aichi University,,Open,
204,Japan,Confucius Institute at Fukuyama University,,Closed,
205,Japan,Confucius Institute at Hokuriku University,,Open,
206,Japan,Confucius Institute at J. F. Oberlin University in Machida Tokyo,,Open,
207,Japan,Confucius Institute at Kansai Gaidai University,,Open,
208,Japan,Confucius Institute at Kogakuin University,,Closed,
209,Japan,Confucius Institute at Musashino University,,Open,
210,Japan,Confucius Institute at Okayama Shoka University,,Open,Okayama University
211,Japan,Confucius Institute at Osaka Sangyo University,,Open,
212,Japan,Confucius Institute at Ritsumeikan,,Open,
213,Japan,Confucius Institute at Ritsumeikan Asia Pacific University,,Open,Ritsumeikan
214,Japan,Confucius Institute at Sapporo University,,Open,
215,Japan,Confucius Institute at Waseda University,,Closed,
216,Japan,Confucius Institute at Yamanashi Gakuin University,,Closed,Yamanashi University
217,Jordan,Amman TAG-Confucius Institute,,Closed,
218,Jordan,Confucius Institute at Philadelphia University,,Closed,
219,Kazakhstan,Confucius Institute at K. Zhubanov Aktobe Regional State University,,Closed,
220,Kazakhstan,Confucius Institute at Karaganda State Technical University,,Closed,
221,Kazakhstan,Confucius Institute at Kazakh Ablai Khan University of International Relations and World Languages,,Closed,
222,Kazakhstan,Confucius Institute at Kazakh National University,,Closed,
223,Kazakhstan,Confucius Institute at L. N. Gumilyov Eurasian National University,,Closed,
224,Kenya,Confucius Institute at Egerton University,,Closed,
225,Kenya,Confucius Institute at Kenyatta University,,Closed,
226,Kenya,Confucius Institute at Moi University,,Closed,
227,Kenya,Confucius Institute at the University of Nairobi,,Closed,
228,Kyrgyzstan,Confucius Institute at Bishkek State University,,Closed,
229,Kyrgyzstan,Confucius Institute at Jalal-Abad State University,,Open,Jalal-Abad University
230,Kyrgyzstan,Confucius Institute at Kyrgyz National University,,Closed,
231,Kyrgyzstan,Kyrgyz-Chinese Faculty at Osh State University,,Closed,
232,Laos,Confucius Institute at National University of Laos,,Closed,
233,Laos,Confucius Institute at Souphanouvong University,,Closed,
234,Latvia,Confucius Institute at University of Latvia,,Closed,
235,Lebanon,Confucius Institute at Saint-Joseph University,,Closed,
236,Liberia,Confucius Institute at the University of Liberia,,Closed,
237,Lithuania,Confucius Institute at Vilnius University,,Closed,
238,Luxembourg,Confucius Institute at the University of Luxembourg,,Open,
239,Macau,Confucius Institute at University of Macau,,Closed,
240,Macedonia,Confucius Institute at SS Cyril and Methodius University,,Closed,
241,Madagascar,Confucius Institute at Antananarivo University,,Closed,
242,Madagascar,Confucius Institute at Toamasina University,,Closed,
243,Malawi,Confucius Institute at University of Malawi,,Closed,
244,Malaysia,Confucius Institute at SEGI University,,Closed,
245,Malaysia,Confucius Institute at Universiti Malaysia Pahang,,Closed,
246,Malaysia,Confucius Institute at Universiti Malaysia Sabah,,Closed,
247,Malaysia,Confucius Institute at University College of Technology Sarawak,,Closed,
248,Malaysia,Kong Zi Institute for the Teaching of Chinese Language at University of Malaya,,Closed,
249,Maldives,Chinese Language Center at Villa College,,Closed,
250,Mali,Confucius Institute at University of Letters and Human Science of Bamako,,Closed,
251,Malta,Confucius Institute at the University of Malta,,Closed,
252,Mauritania,Confucius Institute at Nouakchott University,,Closed,
253,Mauritius,Confucius Institute at University of Mauritius,,Closed,
254,Mexico,Confucius Institute at Autonomous University of Chihuahua,,Closed,
255,Mexico,Confucius Institute at Autonomous University of New Leon,,Closed,
256,Mexico,Confucius Institute at Autonomous University of Yucatan,,Closed,
257,Mexico,Confucius Institute at National Autonomous University of Mexico,,Closed,
258,Mexico,Confucius Institute in Mexico City Huaxia,,Closed,
259,Moldova,Confucius Institute at Free International University of Moldova,,Closed,
260,Mongolia,Confucius Institute at Dornod University,,Closed,
261,Mongolia,Confucius Institute at Khovd university,,Closed,
262,Mongolia,Confucius Institute at Mongolian State University of Education,,Open,
263,Mongolia,Confucius Institute at National University of Mongolia,,Open,
264,Morocco,Confucius Institute at Abdelmalek Essaadi University,,Closed,
265,Morocco,Confucius Institute at Hassan II University,,Closed,
266,Morocco,Confucius Institute at Mohammed V University,,Closed,
267,Mozambique,Confucius Institute at Eduardo Mondlane University,,Closed,
268,Namibia,Confucius Institute at the University of Namibia,,Closed,
269,Nepal,Confucius Institute at Kathmandu University,,Closed,
270,Nepal,Confucius Institute at Tribhuvan University,,Closed,
271,Netherlands,Confucius Institute at ZUYD University of Applied Sciences,,Closed,
272,Netherlands,Groningen Confucius Institute,,Open,
273,New Zealand,Confucius Institute at University of Canterbury,,Closed,
274,New Zealand,Confucius Institute at Victoria University of Wellington,,Open,
275,New Zealand,Confucius Institute in Auckland,,Closed,
276,Nigeria,Confucius Institute at Nnamdi Azikiwe University,,Closed,
277,Nigeria,Confucius Institute at the University of Lagos,,Closed,
278,Norway,Confucius Institute in Bergen,,Closed,
279,Pakistan,"Confucius Institute at University of Agriculture, Faisalabad",,Closed,
280,Pakistan,Confucius Institute at University of Karachi,,Closed,
281,Pakistan,Confucius Institute at University of Sargodha,,Closed,
282,Pakistan,Confucius Institute at University of the Punjab,,Open,
283,Pakistan,Confucius Institute in Islamabad,,Closed,
284,Palestinian Territory,Confucius Institute at Al-Quds University,,Open,
285,Panama,Confucius Institute at University of Panama,,Closed,
286,Papua New Guinea,Confucius Institute at Papua New Guinea University of Technology,,Closed,Papua New Guinea University
287,Peru,Confucius Institute at Catholic University of Peru,,Open,
288,Peru,Confucius Institute at Catholic University of Santa Maria,,Closed,
289,Peru,Confucius Institute at Ricardo Palma University,,Closed,
290,Peru,Confucius Institute at University of Piura,,Open,Universidad de Piura
291,Philippines,Confucius Institute at Angeles University Foundation,,Open,
292,Philippines,Confucius Institute at Ateneo De Davao University,,Closed,
293,Philippines,Confucius Institute at Ateneo de Manila University,,Closed,
294,Philippines,Confucius Institute at Bulacan State University,,Closed,
295,Philippines,Confucius Institute at University of the Philippines,,Closed,
296,Poland,Confucius Institute at Adam Mickiewicz University,,Open,
297,Poland,Confucius Institute at University of Gdansk,,Closed,
298,Poland,Confucius Institute at Warsaw University of Technology,,Open,
299,Poland,Confucius Institute at the University of Wroclaw,,Closed,
300,Poland,Confucius Institute in Krakow,,Open,
301,Poland,Confucius Institute in Opole,,Closed,
302,Portugal,Confucius Institute at University of Aveiro,,Open,
303,Portugal,Confucius Institute at University of Coimbra,,Closed,
304,Portugal,Confucius Institute at University of Porto,,Closed,
305,Portugal,Confucius Institute at the University of Lisbon,,Closed,
306,Portugal,Confucius Institute at the University of Minho,,Open,
307,Romania,Confucius Institute at Babeay Bolyai University of Cluj-Napoca,,Closed,University of Cluj-Napoca
308,Romania,Confucius Institute at Lucian Blaga University of Sibiu,,Closed,Lucian Blaga University Rectorate
309,Romania,Confucius Institute at Transilvania University of Brasov,,Closed,
310,Romania,Confucius Institute at the University of Bucharest,,Closed,
311,Russia,Confucius Institute at Amur State University of Humanities and Pedagogy,,Closed,
312,Russia,Confucius Institute at Blagoveshchensk National Pedagogical University,,Closed,
313,Russia,Confucius Institute at Buryat State University,,Closed,
314,Russia,Confucius Institute at Far Eastern National University,,Closed,
315,Russia,Confucius Institute at Irkutsk State University,,Closed,
316,Russia,Confucius Institute at Kazan Federal State University,,Closed,
317,Russia,Confucius Institute at Krasnoyark State Pdeagogical University of V.P. Astafyev,,Closed,
318,Russia,Confucius Institute at Lomonosov Moscow State University,,Closed,
319,Russia,Confucius Institute at Moscow State Linguistic University,,Closed,
320,Russia,Confucius Institute at Nizhny Novgorod State Linguistic University,,Closed,
321,Russia,Confucius Institute at Novosibirsk State University,,Closed,
322,Russia,Confucius Institute at Novosibirsk State University of Technology,,Closed,
323,Russia,Confucius Institute at Russian State University for the Humanities,,Open,
324,Russia,Confucius Institute at Ryazan State University,,Closed,
325,Russia,Confucius Institute at Saint-Petersburg State University,,Closed,
326,Russia,Confucius Institute at The Kalmyk State University,,Open,
327,Russia,Confucius Institute at Tomsk State University,,Closed,
328,Russia,Confucius Institute at Ural Federal University,,Open,
329,Russia,Confucius Institute at Volgograd State Pedagogical University,,Open,
330,Rwanda,Confucius Institute at University of Rwanda-College of Education,,Closed,
331,Samoa,Confucius Institute at National University of Samoa,,Closed,
332,San Marino,Confucius Institute at University of the Republic of San Marino,,Closed,
333,Sao Tome and Principe,Confucius Institute at Sao Tome and Principe University,,Closed,
334,Saudi Arabia,Confucius Institute at University of Jeddah,,Closed,
335,Senegal,Confucius Institute at University of Dakar,,Open,
336,Serbia,Confucius Institute at University of Novi Sad,,Closed,
337,Serbia,Confucius Institute in Belgrade,,Open,
338,Seychelles,Confucius Institute at University of Seychelles,,Closed,
339,Sierra Leone,Cofucius Institute at University of Sierra Leone,,Closed,
340,Singapore,Confucius Institute at the Nanyang Technological University,,Closed,
341,Slovakia,Confucius Institute at Comenius University,,Open,
342,Slovakia,Confucius Institute for Business at Matej Bel University,,Closed,
343,Slovakia,Confucius Institute in Bratislava,,Closed,
344,Slovenia,Confucius Institute at the University of Ljubljana,,Closed,
345,South Africa,Confucius Institute at Durban University of Technology,,Closed,
346,South Africa,Confucius Institute at Rhodes University,,Closed,
347,South Africa,Confucius Institute at Stellenbosch University,,Closed,
348,South Africa,Confucius Institute at the University of Cape Town,,Closed,
349,South Africa,Confucius Institute at the University of Johannesburg,,Closed,
350,South Africa,Confucius Institute of Traditional Chinese Medicine at the University of Western Cape,,Closed,
351,South Korea,Confucius Institute at Andong National university,,Closed,
352,South Korea,Confucius Institute at Cheju Halla College,,Closed,
353,South Korea,Confucius Institute at Chungbuk National University,,Open,
354,South Korea,Confucius Institute at Chungnam National University,,Closed,
355,South Korea,Confucius Institute at Daejin University,,Closed,
356,South Korea,Confucius Institute at Dong-A University,,Open,
357,South Korea,Confucius Institute at Dongseo University,,Closed,
358,South Korea,Confucius Institute at Hankuk University of Foreign Studies,,Open,
359,South Korea,Confucius Institute at Hanyang University,,Closed,
360,South Korea,Confucius Institute at Honam University,,Closed,
361,South Korea,Confucius Institute at Jeju National University,,Closed,
362,South Korea,Confucius Institute at Kangwon National University,,Closed,
363,South Korea,Confucius Institute at Keimyung University,,Open,
364,South Korea,Confucius Institute at Kyung Hee University,,Closed,
365,South Korea,Confucius Institute at Sehan University,,Closed,
366,South Korea,Confucius Institute at Semyung University,,Open,
367,South Korea,Confucius Institute at Soon Chun Hyang University,,Closed,
368,South Korea,Confucius Institute at Wonkwang University,,Closed,
369,South Korea,Confucius Institute at Woosong University,,Closed,
370,South Korea,Confucius Institute at Woosuk University,,Closed,
371,South Korea,Confucius Institute at Yonsei University,,Open,
372,South Korea,Confucius Institute at the University of Incheon,,Open,
373,South Korea,Confucius Institute in Seoul,,Open,
374,Spain,Confucius Institute at The University of Las Palmas of Gran Canaria,,Closed,Universidad de Las Palmas de Gran Canaria
375,Spain,Confucius Institute at University of Castilla-la Mancha,,Closed,
376,Spain,Confucius Institute at University of Zaragoza,,Closed,
377,Spain,Confucius Institute at the University of Granada,,Open,
378,Spain,Confucius Institute at the University of Leon,,Open,
379,Spain,Confucius Institute at the University of Valencia,,Open,
380,Spain,Confucius Institute in Barcelona,,Closed,
381,Spain,Confucius Institute in Madrid,,Closed,
382,Sri Lanka,Confucius Institute at Colombo University,,Closed,
383,Sri Lanka,Confucius Institute at the University of Kelaniya,,Closed,
384,Sudan,Confucius Institute at the University of Khartoum,,Closed,
385,Suriname,Confucius Institute at the Anton de Kom University of Suriname,,Closed,Anton de Kom University ADEK
386,Sweden,Borlange-Wuhan Friendship City Confucius Institute,,Closed,
387,Sweden,Confucius Institute in Lulea,,Closed,
388,Switzerland,Confucius Institute at the University of Basel,,Closed,
389,Switzerland,Confucius Institute in Geneva,,Open,
390,Tajikistan,Confucius Institute at Mining metallurgical Institute of Tajikistan,,Closed,Institute of Tajikistan
391,Tajikistan,Confucius Institute at Tajik National University,,Closed,
392,Tanzania,Confucius Institute at the University of Dar es Salaam,,Closed,
393,Tanzania,Confucius Institute at the University of Dodoma,,Closed,
394,Thailand,Confucius Institute at Assumption University,,Open,
395,Thailand,Confucius Institute at Bansomdejchaopraya Rajabhat University,,Closed,
396,Thailand,Confucius Institute at Burapha University,,Closed,
397,Thailand,Confucius Institute at Chiang Mai University,,Closed,
398,Thailand,Confucius Institute at Chulalongkorn University,,Closed,
399,Thailand,Confucius Institute at Kasetsart University,,Closed,
400,Thailand,Confucius Institute at Khon Kaen University,,Closed,
401,Thailand,Confucius Institute at Mae Fah Luang University,,Closed,
402,Thailand,Confucius Institute at Mahasarakham University,,Closed,
403,Thailand,"Confucius Institute at Phuket, Prince of Songkla University",,Closed,
404,Thailand,Confucius Institute at Prince of Songkla University,,Open,
405,Thailand,Confucius Institute for Traditional Chinese Medicine at Huachiew Chalermprakiet,,Closed,
406,Thailand,Confucius Institute of Betong Municipality,,Open,
407,Thailand,Confucius Institute of Suan Dusit Rajabhat University at Suphanburi,,Closed,
408,Thailand,Maritime Silk Road Confucius Institute at Phranakhon Rajabhat University,,Closed,
409,Thailand,Maritime Silk Road Confucius Institute at Phranakhon Rajabhat University,,Closed,
410,Togo,Confucius Institute at University of Lome,,Closed,
411,Trinidad and Tobage,"Confucius Institute at the University of the West Indies, St. Augustine Campus",,Open,
412,Tunisia,Confucius Institute at University of Carthage,,Closed,
413,Turkey,Confucius Institute at Bogazici University,,Open,
414,Turkey,Confucius Institute at Middle East Technical University,,Closed,
415,Turkey,Confucius Institute at Okan University,,Closed,
416,Turkey,Confucius Institute at Yeditepe University,,Closed,
417,Uganda,Confucius Institute at Makerere University,,Closed,
418,Ukraine,Confucius Institute at Kharkiv State University,,Closed,
419,Ukraine,Confucius Institute at Kiev State Linguistic University,,Closed,
420,Ukraine,Confucius Institute at Luhansk National Pedagogical University,,Open,
421,Ukraine,Confucius Institute at National Taras Shevchenko University of Kyiv,,Closed,
422,Ukraine,Confucius Institute at South Ukranian National Pedagogical University,,Closed,
423,Ukraine,Confucius Institute at Vinnytsia National Technical University,,Closed,
424,United Arab Emirates,Confucius Institute University of Dubai,,Closed,
425,United Arab Emirates,Confucius Institute at Zayed University,,Closed,
426,United Kingdom,Business Confucius Institute at the University of Leeds,,Closed,
427,United Kingdom,Confucius Institute at Bangor University,,Open,
428,United Kingdom,Confucius Institute at Cardiff University,,Open,
429,United Kingdom,Confucius Institute at Coventry University,,Closed,
430,United Kingdom,Confucius Institute at De Montfort University,,Closed,
431,United Kingdom,Confucius Institute at Edge Hill university,,Closed,
432,United Kingdom,Confucius Institute at Lancaster University,,Closed,
433,United Kingdom,Confucius Institute at Newcastle University,,Closed,
434,United Kingdom,Confucius Institute at Oxford Brooks University,,Closed,
435,United Kingdom,Confucius Institute at Queen Mary University of London,,Closed,
436,United Kingdom,Confucius Institute at UCL Institute of Education,,Closed,
437,United Kingdom,Confucius Institute at Ulster University,,Open,
438,United Kingdom,Confucius Institute at University of Liverpool,,Open,
439,United Kingdom,Confucius Institute at the University of Central Lancashire,,Closed,
440,United Kingdom,Confucius Institute at the University of Glasgow,,Closed,
441,United Kingdom,Confucius Institute at the University of Hull,,Closed,
442,United Kingdom,Confucius Institute at the University of Manchester,,Open,
443,United Kingdom,Confucius Institute at the University of Nottingham,,Open,
444,United Kingdom,Confucius Institute at the University of Sheffield,,Open,
445,United Kingdom,Confucius Institute at the University of Southampton,,Closed,
446,United Kingdom,Confucius Institute at the University of Wales Trinity Saint David,,Closed,
447,United Kingdom,Confucius Institute for Business London,,Open,
448,United Kingdom,"Confucius Institute for Dance and Performance at Goldsmiths, University of London",,Closed,
449,United Kingdom,Confucius Institute for Scotland in the University of Edinburgh,,Closed,
450,United Kingdom,Confucius Institute for Scotland's Schools,,Open,
451,United Kingdom,"Confucius Institute for Traditional Chinese Medicine, London",,Closed,
452,United Kingdom,Confucius Institute of Science and Technology Innovation at the University of Huddersfield,,Closed,
453,United Kingdom,Conrfucius Institute at the University of Aberdeen,,Open,
454,United Kingdom,Scottish Confucius Institute for Business and Communication at Heriot Watt University,,Closed,
455,United States,Alabama A&M University,Nanjing Forestry University,Closed,
456,United States,Alabama A&M University,Nanjing Forestry University,open,
457,United States,Alfred University,"China University of Geosciences, Wuhan",open,
458,United States,Arizona State University,Sichuan University,Closed,
459,United States,Auburn University at Montgomery,Hubei University of Economics,Closed,
460,United States,Augusta University,Shanghai University of Traditional Chinese Medicine,Closed,
461,United States,Baruch University,Shanghai International Studies University,Closed,
462,United States,Binghamton University,National Academy of Chinese Theatre Arts,Closed,
463,United States,Broward County Public Schools,,Closed,
464,United States,Bryant University,"China University of Geosciences, Wuhan",Closed,
465,United States,Bryant University ,China University of Geosciences，Wuhan,open,
466,United States,California State University - Long Beach,Hebei Institute of Foreign Languages,Closed,
467,United States,Central Connecticut State University,Shandong Normal University,Closed,
468,United States,Chicago Public Schools,East China Normal University,Closed,
469,United States,China Institute,East China Normal University,open,
470,United States,Clark County School District,,Closed,
471,United States,Cleveland State University,Capital University of Economics and Business,Closed,
472,United States,College of William and Mary ,Beijing Normal University,Closed,
473,United States,Colorado State University,Hunan University,Closed,
474,United States,Columbia University,Renmin University of China,Closed,
475,United States,Community College of Denver,University of Jinan,Closed,
476,United States,Confucius Institute at Alabama A&M University,,Closed,
477,United States,Confucius Institute at Alfred University,,Closed,
478,United States,Confucius Institute at Broward County Public Schools,,Closed,
479,United States,Confucius Institute at Bryant University,,Open,
480,United States,Confucius Institute at Central Connecticut State University,,Closed,
481,United States,Confucius Institute at China Institute,,Closed,
482,United States,Confucius Institute at Clark County School District,,Closed,
483,United States,Confucius Institute at Cleveland State University,,Closed,
484,United States,Confucius Institute at Colorado State University,,Closed,
485,United States,Confucius Institute at Columbia University,,Closed,
486,United States,Confucius Institute at Community College of Denver,,Closed,
487,United States,Confucius Institute at Davis School District,,Closed,
488,United States,Confucius Institute at East Central Ohio Educational Service Center,,Open,
489,United States,Confucius Institute at George Mason University,,Closed,
490,United States,Confucius Institute at Georgia State University,,Closed,
491,United States,Confucius Institute at Houston Independent School District,,Closed,
492,United States,Confucius Institute at Kansas State University,,Open,
493,United States,Confucius Institute at Medga Evers College The City University of New York,,Closed,
494,United States,Confucius Institute at Miami University,,Open,
495,United States,Confucius Institute at Michigan State University,,Closed,
496,United States,Confucius Institute at Middle Tennessee University,,Open,
497,United States,Confucius Institute at New Jersey City University,,Closed,
498,United States,Confucius Institute at New Mexico State University,,Closed,
499,United States,Confucius Institute at Northern State University,,Closed,
500,United States,Confucius Institute at Northwest Nazarene University,,Closed,
501,United States,Confucius Institute at Old Dominion University,,Closed,
502,United States,Confucius Institute at Portland State University,,Closed,
503,United States,Confucius Institute at Presbyterian College,,Closed,
504,United States,"Confucius Institute at Rutgers, the State University of New Jersey",,Closed,
505,United States,Confucius Institute at Savannah State University,,Closed,
506,United States,Confucius Institute at Southern Utah University,,Closed,
507,United States,Confucius Institute at St. Cloud State University,,Closed,
508,United States,Confucius Institute at Stanford University,,Open,
509,United States,"Confucius Institute at State College of Optometry, State University of New York",,Closed,
510,United States,Confucius Institute at State University of New York at Buffalo,,Closed,
511,United States,Confucius Institute at Stony Brook University,,Closed,
512,United States,Confucius Institute at Temple University,,Closed,
513,United States,Confucius Institute at Texas Southern University,,Open,
514,United States,Confucius Institute at Troy University,,Closed,
515,United States,Confucius Institute at Tufts University,,Closed,
516,United States,Confucius Institute at University of Alaska Anchorage,,Closed,
517,United States,"Confucius Institute at University of California, Davis",,Closed,
518,United States,Confucius Institute at Valparaiso University,,Closed,
519,United States,Confucius Institute at Wayne State University,,Closed,
520,United States,Confucius Institute at Webster University,,Open,
521,United States,Confucius Institute at Wesleyan College,,Closed,
522,United States,Confucius Institute at West Virginia University,,Closed,
523,United States,Confucius Institute at Western Michigan University,,Open,
524,United States,Confucius Institute at Xavier University of Louisiana,,Closed,
525,United States,Confucius Institute at the College of William & Mary,,Closed,
526,United States,Confucius Institute at the George Washington University,,Closed,
527,United States,"Confucius Institute at the University at Albany, State University of New York",,Closed,
528,United States,Confucius Institute at the University of Akron,,Open,
529,United States,Confucius Institute at the University of Arizona,,Closed,
530,United States,"Confucius Institute at the University of California, Los Angeles",,Closed,
531,United States,"Confucius Institute at the University of California, Santa Barbara",,Closed,
532,United States,Confucius Institute at the University of Central Arkansas,,Closed,
533,United States,Confucius Institute at the University of Delaware,,Closed,
534,United States,Confucius Institute at the University of Idaho,,Closed,
535,United States,Confucius Institute at the University of Iowa,,Closed,
536,United States,Confucius Institute at the University of Kansas,,Closed,
537,United States,Confucius Institute at the University of Kentucky,,Closed,
538,United States,Confucius Institute at the University of Maryland,,Closed,
539,United States,Confucius Institute at the University of Memphis,,Closed,
540,United States,Confucius Institute at the University of Missouri,,Closed,
541,United States,Confucius Institute at the University of Montana,,Open,
542,United States,Confucius Institute at the University of Nebraska-Lincoln,,Closed,
543,United States,Confucius Institute at the University of New Hampshire,,Closed,
544,United States,Confucius Institute at the University of North Carolina at Charlotte,,Closed,
545,United States,Confucius Institute at the University of Oklahoma,,Open,
546,United States,Confucius Institute at the University of Pittsburgh,,Closed,
547,United States,Confucius Institute at the University of South Carolina,,Closed,
548,United States,Confucius Institute at the University of Southern Maine,,Closed,
549,United States,Confucius Institute at the University of Toledo,,Open,
550,United States,Confucius Institute at the University of Utah,,Open,
551,United States,Confucius Institute at the University of Wisconsin-Platteville,,Closed,
552,United States,Confucius Institute for Business at State University of New York,,Closed,
553,United States,Confucius Institute in Atlanta,,Closed,
554,United States,Confucius Institute in Chicago,,Open,
555,United States,Confucius Institute in San Diego at San Diego Global Educational Institute,,Closed,
556,United States,Confucius Institute of Chinese Opera at the State University of New York at Binghamton,,Closed,
557,United States,Confucius Institute of Western Kentucky,,Closed,
558,United States,Confucius Institute of the State of Washington,,Closed,
559,United States,Davis School District,Unknown,open,
560,United States,Emory University,Nanjing University,Closed,
561,United States,George Mason University,Beijing Language and Culture University,Closed,
562,United States,George Washington University,Xiamen University,Closed,
563,United States,Georgia State University,Beijing Language and Culture University,Closed,
564,United States,Houston Independent School District,,Closed,
565,United States,Indiana University-Purdue University,Sun Yat-sen University,Closed,
566,United States,Kansas State University,,Closed,
567,United States,Kennesaw State University,Yangzhou University,Closed,
568,United States,Medgar Evers College,Hunan University of Technology and Business,Closed,
569,United States,Miami Dade College,Jiangsu Normal University,Closed,
570,United States,Miami University,Liaoning Normal University,Closed,
571,United States,Michigan State University,The Open University of China (China Central Radio and TV University),Closed,
572,United States,Middle Tennessee State University,Hangzhou Normal University,Closed,
573,United States,New Jersey City University,Jilin HuaQiao University of Foreign Languages,Closed,
574,United States,New Mexico State University,Shijiazhuang Vocational College of Science & Technology; Hebei Normal University,Closed,
575,United States,New York Confucius Institute for Global Finance at Baruch College,,Closed,
576,United States,North Carolina State University,Nanjing Normal University,Closed,
577,United States,Northern State University,University of Jinan,Closed,
578,United States,Northwest Nazarene University,Northwest University of Xi'an,Closed,
579,United States,Old Dominion University,Minzu University of China,Closed,
580,United States,Pace University,"Nanjing Normal University,Phoenix publishing & media group",Closed,
581,United States,Pacific Lutheran University,"Sichuan University, Chongqing Education Commission",open,
582,United States,Pennsylvania State University,Dalian University of Technology,Closed,
583,United States,Pfeiffer University,Shanxi University,Closed,
584,United States,Portland State University,Soochow University,Closed,
585,United States,Prairie View A&M University,Xi'an International Studies University,Closed,
586,United States,Presbyterian College,Guizhou University,Closed,
587,United States,Purdue University,Shanghai Jiao Tong University,Closed,
588,United States,Rutgers University,Jilin University,Closed,
589,United States,"Confucius Institute at the University at Albany, State University of New York",Southwestern University of Finance and Economics,Closed,SUNY Albany
590,United States,"Confucius Institute at State College of Optometry, State University of New York",Wenzhou Medical University,Closed,SUNY College of Optometry
591,United States,Confucius Institute for Business at State University of New York,Nanjing University Of Finance & Economics,Closed,SUNY Global Center
592,United States,Confucius Institute in San Diego at San Diego Global Educational Institute,Xiamen University,open,
593,United States,San Diego State University,Xiamen University,Closed,
594,United States,San Francisco State University,Beijing Normal University,Closed,
595,United States,Savannah State University,Jiujiang University,Closed,
596,United States,Simpson County Schools,Unknown,Open,
597,United States,Southern Utah University,Hunan Normal University,Open,
598,United States,St. Cloud State University ,The Education Department of Jilin Province,Open,
599,United States,Stanford University,Peking University,Open,
600,United States,Stony Brook University,Zhongnan University of Economics and Law,Closed,
601,United States,Temple University,Zhejiang Normal University,Closed,
602,United States,Texas A&M University,Ocean University of China in Qingdao,Closed,
603,United States,Texas Southern University,Beijing Jiaotong University,Closed,
604,United States,Troy University,Hebei Normal University of Science and Technology,Open,
605,United States,Tufts University,Beijing Normal University,Closed,
606,United States,Tulane University,East China Normal University,Closed,
607,United States,University at Buffalo,Capital Normal University,Closed,
608,United States,University of Akron,Henan University,Closed,
609,United States,"University of Alaska, Anchorage",Northeast Normal University,Closed,
610,United States,University of Arizona,Shaanxi Normal University,Closed,
611,United States,University of California Santa Barbara,Shandong University,Closed,
612,United States,"University of California, Los Angeles",Shanghai Jiao Tong University,Closed,
613,United States,University of California-Davis,Jiangnan University,Closed,
614,United States,University of Central Arkansas,East China Normal University,Closed,
615,United States,University of Chicago,Renmin University of China,Closed,
616,United States,University of Delaware,Xiamen University,Closed,
617,United States,University of Hawaii Manoa,Beijing Foreign Studies University,Closed,
618,United States,University of Idaho,South China University of Technology,Closed,
619,United States,University of Illinois-Urbana Champaign,Jiangxi Normal University,Closed,
620,United States,University of Iowa,East China Normal University,Closed,
621,United States,University of Kansas,Central China Normal University,Closed,
622,United States,University of Kentucky,Shanghai University,Closed,
623,United States,University of Maryland,Nankai University,Closed,
624,United States,University of Massachusetts Boston,Renmin University of China,Closed,
625,United States,University of Memphis,Hubei University,Closed,
626,United States,University of Michigan,Renmin University of China,Closed,
627,United States,University of Minnesota,Capital Normal University,Closed,
628,United States,University of Missouri,Shanghai Normal University,Closed,
629,United States,University of Montana,Southwest University of Political Science & Law,Closed,
630,United States,University of Nebraska Lincoln,Xi`an Jiaotong University,Closed,
631,United States,University of New Hampshire,Chengdu University,Closed,
632,United States,University of North Carolina Charlotte,Chinese Testing International,Closed,
633,United States,University of North Florida,Shaanxi Normal University,Closed,
634,United States,University of Oklahoma,Beijing Normal University,Closed,
635,United States,University of Oregon,East China Normal University,Closed,
636,United States,University of Pittsburgh,Wuhan University,Closed,
637,United States,University of Rhode Island,Zhejiang University,Closed,
638,United States,University of South Carolina,Beijing Language and Culture University,Closed,
639,United States,University of South Florida,Qingdao University,Closed,
640,United States,University of Southern Maine,Dongbei University of Finance and Economics,Closed,
641,United States,University of Tennessee Knoxville,Southeast University,Closed,
642,United States,University of Texas - Dallas,Southeast University,Closed,
643,United States,University of Texas - San Antonio,University of International Business and Economics,Closed,
644,United States,University of Toledo,Yanshan University,Open,
645,United States,University of Utah,Sichuan University,Open,
646,United States,University of Washington,"Sichuan University, Chongqing Municipal Education Commission",Closed,
647,United States,University of West Florida,Sichuan International Studies University,Closed,
648,United States,University of Wisconsin-Platteville,South-Central University For Nationalities,Closed,
649,United States,Valparaiso University,Zhejiang University of Technology,Closed,
650,United States,Valparaiso University ,Zhejiang University of Technology,Open,
651,United States,Wayne State University,Huazhong University of Science and Technology,Closed,
652,United States,Webster University ,Beijing Language and Culture University,Open,
653,United States,Wesleyan College,Guangzhou University,Open,
654,United States,West Virginia University,Tianjin University Of Finance & Economics,Closed,
655,United States,Western Kentucky University,North China Electric Power University,Closed,
656,United States,Western Michigan University,Beijing Language and Culture University,Closed,
657,United States,Xavier University,Hebei University,Closed,
658,Uruguay,"Confucius Institute at the Universidad de la Republica, Uruguay",,Closed,
659,Uzbekistan,Confucius Institute at Samarkand State Institute,,Open,
660,Uzbekistan,Confucius Institute in Tashkent State Institute,,Closed,
661,Venezuela,Confucius Institute at Universidad Bolivariana de Venezuela,,Closed,
662,Venezuela,Confucius Institute at the Bolivarian University of Venezuela in Caracas,,Closed,
663,Vietnam,Confucius Institute at Hanoi University,,Closed,
664,Zambia,Confucius Institute at University of Zambia,,Closed,
665,Zimbabwe,Confucius Institute at the University of Zimbabwe,,Closed,